config,rank,rome_recovery_ci,lora_recovery_ci,rome_side_effects,lora_side_effects,rome_edit_norm,lora_edit_norm,subspace_overlap,epochs_trained
0→8,1,"+0.1596 [+0.0900, +0.2291]","+1.0000 [+1.0000, +1.0000]",0.1545,0.9074,1.0337,3.2046,1.0000,17.8000
0→8,2,"+0.1596 [+0.0900, +0.2291]","+1.0000 [+1.0000, +1.0000]",0.1545,0.9374,1.0337,3.5847,1.0000,14.4000
0→8,4,"+0.1596 [+0.0900, +0.2291]","+1.0000 [+1.0000, +1.0000]",0.1545,0.9497,1.0337,4.1703,1.0000,11.4000
0→8,8,"+0.1596 [+0.0900, +0.2291]","+1.0000 [+1.0000, +1.0000]",0.1545,0.9509,1.0337,5.0820,1.0000,9.6000
1→7,1,"+0.1466 [+0.0539, +0.2393]","+0.9998 [+0.9993, +1.0003]",0.1708,0.8737,0.8621,2.9890,1.0000,16.4000
1→7,2,"+0.1466 [+0.0539, +0.2393]","+0.9998 [+0.9993, +1.0003]",0.1708,0.9223,0.8621,3.4194,1.0000,13.4000
1→7,4,"+0.1466 [+0.0539, +0.2393]","+1.0000 [+1.0000, +1.0000]",0.1708,0.9403,0.8621,3.9666,1.0000,11.0000
1→7,8,"+0.1466 [+0.0539, +0.2393]","+1.0000 [+1.0000, +1.0000]",0.1708,0.9490,0.8621,4.8368,1.0000,9.2000
5→6,1,"+0.1195 [+0.0686, +0.1704]","+1.0000 [+1.0000, +1.0000]",0.2354,0.9155,1.0897,3.0387,1.0000,17.8000
5→6,2,"+0.1195 [+0.0686, +0.1704]","+1.0000 [+1.0000, +1.0000]",0.2354,0.9433,1.0897,3.4612,1.0000,13.8000
5→6,4,"+0.1195 [+0.0686, +0.1704]","+1.0000 [+1.0000, +1.0000]",0.2354,0.9540,1.0897,3.9381,1.0000,11.2000
5→6,8,"+0.1195 [+0.0686, +0.1704]","+1.0000 [+1.0000, +1.0000]",0.2354,0.9545,1.0897,4.9294,1.0000,9.6000
7→1,1,"+0.1270 [+0.0942, +0.1599]","+0.9998 [+0.9993, +1.0003]",0.1883,0.9120,1.0524,3.1705,1.0000,19.0000
7→1,2,"+0.1270 [+0.0942, +0.1599]","+1.0000 [+1.0000, +1.0000]",0.1883,0.9327,1.0524,3.5814,1.0000,14.6000
7→1,4,"+0.1270 [+0.0942, +0.1599]","+1.0000 [+1.0000, +1.0000]",0.1883,0.9483,1.0524,4.1635,1.0000,11.6000
7→1,8,"+0.1270 [+0.0942, +0.1599]","+1.0000 [+1.0000, +1.0000]",0.1883,0.9499,1.0524,4.9403,1.0000,9.6000
